Key,Value
Mode,insample
ReportLag,1
NumLags,1
NumPredictors,11
AR_R2,0.027971170341537954
AR_AIC,-8252.51559579601
AR_NumObs,943
VARX_R2,0.1465475268097235
VARX_AIC,-4761.0465070725295
VARX_NumObs,525
