Intercept,R2
6.67291966028299e-06,0.144972786844355
