Intercept,R2
1.8321856921117e-06,0.107254912021254
