Step,Action,Predictor,Metric
1,ADD,CPI_pct1_diff1_lag1,0.00268581092070066
2,ADD,M2MoneySupply_pct1_lag1,0.00265474008518693
3,ADD,DXY_Datastream_pct1,0.00264331790957973
4,ADD,T10Y3M_diff1,0.00263835392881597
5,ADD,Yield10Y_diff1,0.00263325572729898
