Intercept,R2
1.83218569211167e-06,0.0644088394030714
