Intercept,R2
6.67291966028301e-06,0.0527667036221071
