Key,Value
Method,PLS
Mode,insample
NumComp,3
TimeLag,1
NumObs,525
VarExplained_X,0.3691853138073632
R2,0.14497278684435522
RMSE,0.002536148406005813
MAE,0.0018228850861106796
Cor,0.38075292099254515
