Intercept,R2
-5.89831308245888e-06,0.00564099054266753
