Step,Action,Predictor,Metric
1,ADD,CPI_pct1_lag1,0.00262304702834794
2,ADD,M2MoneySupply_pct1_lag1,0.00259266550017755
3,ADD,DXY_pct1,0.00256736320250715
