Step,Action,Predictor,Metric
1,ADD,CoreCPI,0.986664345731755
2,ADD,CapcacityUtilization,0.991730853308294
3,ADD,FedFundsRate,0.993141698060013
4,ADD,M2MoneySupply,0.99388782181861
5,ADD,DXY,0.99441999327274
6,ADD,T10Y3M,0.995406082543129
7,ADD,TradeSales,0.996026987606543
