Step,Action,Predictor,Metric
1,ADD,CPI_pct1_lag1,0.000632299767898359
2,ADD,M2MoneySupply_pct1_lag1,0.0236486478086776
3,ADD,DXY_pct1,0.0426124419736134
