Intercept,R2
-5.89831308245907e-06,0.0704106084094014
